t0,t1,t2,a0,a1,a2,b0,b1,b2,c0,c1,c2,dicnotch,winSys,maxAmpl,sysTime,duration,R2_of_fit,Es,As,Ed,Ad,td,fd,pulse_index,start_time,end_time
-0.2866890479343881,3.2160000000000006,7.769588969906022e-18,5.979559406009032,0.07474449257534732,0.19259972256423902,0.7519999999999565,1.5040000000000047,829.8239992762676,0.6913531744181336,272.25396037221856,6.915200000000001,0.3760000000000012,0.3760000000000012,0.5979559406018109,1.6080000000000005,138.68,-0.016149841051197322,-0.043426185855851,-0.3405554547340727,0.15627928783264725,0.8957772195452082,1263.6382889561708,0.2705882352941177,0,8.2,146.88
-14.891999999999987,4.335997993821856,1.762407734969379e-17,0.3465098855001125,0.06930197710002241,0.22241726794460134,0.8960000000000149,0.88456376503255,177.50399998401684,3.7230000000000016,30.032000000043332,1.9039169067191908,0.4480000000000075,0.4480000000000075,0.5544158168001792,29.783999999999992,30.03200000000001,-0.036727460780490384,-7.497858940554907e-05,0.023560961495816088,0.037226458655942436,0.1690750879510675,425.9772913204142,0.25098039215686274,1,146.88,176.912
-17.97774964857827,27.560097776251432,2.5532576882398536e-05,0.3685838844859643,0.07369485748289484,0.23347951272479128,0.047609999999999375,0.04721659771906592,623.7890193176883,4.49756349509565,104.2087530277492,6.293426082661367,0.1839999999999975,0.1839999999999975,0.589558576030818,35.96000000000001,104.208,-0.04955406175257848,-0.00010305747239215924,0.030446913780264397,-0.10618641900612837,-0.03495028433534125,-25202.61719122621,0.25098039215686274,2,176.912,281.12
-12.452055011203758,17.712000417717213,0.00015147210087608257,0.3538724415782343,0.07044207176520338,0.21772726608171475,0.04139999999999178,0.04010883006163716,205.79172401639406,3.152862765588049,34.52792930665776,3.0628375530786585,0.15999999999996817,0.15999999999996817,0.563376961766567,24.951999999999998,34.48000000000002,-0.08347430474568074,-7.326996644510846e-05,0.021490078172414898,-0.18596599928143168,-0.4577507731420728,-168.92286685383385,0.2549019607843137,3,281.12,315.6
