t0,t1,t2,a0,a1,a2,b0,b1,b2,c0,c1,c2,dicnotch,winSys,maxAmpl,sysTime,duration,R2_of_fit,Es,As,Ed,Ad,td,fd,pulse_index,start_time,end_time
-5.067999999999997,6.886403281608408,6.022904411687997e-31,0.3671848275669648,0.07343696551339296,0.2766433407769588,0.24000000000000907,0.03000000000000114,62.36612569829139,1.2669999999999997,17.464000000000002,3.3903028083289826,0.12000000000000455,0.12000000000000455,0.5874957241071436,10.135999999999996,17.464,-0.03884390503976087,-2.8652728201734026e-05,0.008520757917279211,0.045562137992334086,0.22256839762037178,115.97055784640747,0.26666666666666666,0,135.984,153.448
0.05939038479804442,2.233587850608263,0.5760064392620267,5.722299806221272,0.16472577305747588,0.25512708170047665,0.1866324394850934,1.1199598882533535,141.37533720756682,0.16800000721182676,68.62415259059819,1.3180020142549114,0.28000000000000114,0.28000000000000114,0.5814751441683007,1.343999999999994,26.639999999999986,0.02468310230265236,-0.016027764157886683,-0.10662873720953428,-0.005455131792503504,0.03961386034382822,880.2975894152552,0.26666666666666666,1,153.448,180.088
0.2703764682333941,0.3119919313040662,0.07415288331853237,3.9433065893214625,0.7160384651997018,1.144916121426608,0.24025045218343785,0.9919447374688203,3.445827812975503,0.3568109933576087,15.085576036472764,0.32527938102150145,0.24800000000001887,0.24800000000001887,0.5724651088024929,1.2480000000000189,1.504000000000019,0.4536246178582616,-0.15957185694476994,0.2689006020894035,-0.1851423073867135,-0.20348383246850818,-0.803371649120643,0.26666666666666666,2,180.088,181.592
